2015.05.06,1.11857,0.0,0.0,-1.0
2015.05.07,1.13442,0.07040000054985285,0.0,-1.0
2015.05.08,1.1273799999999998,0.1460999995470047,0.0,-1.0
2015.05.11,1.11981,0.19160000141710043,0.0,-1.0
2015.05.12,1.1152600000000001,0.13460000045597553,0.0,-1.0
2015.05.13,1.12096,-0.004399996250867844,0.0,-1.0
2015.05.14,1.13486,-0.06479999516159296,0.0,-1.0
2015.05.15,1.1409,-0.10389999486505985,0.0,-0.9999486207962036
2015.05.18,1.14481,0.033592935651540756,0.0,-0.9999997615814209
2015.05.19,1.13106,0.19509289413690567,0.0,-0.9999628663063049
2015.05.20,1.11491,0.25149079971015453,0.0,-0.8451259732246399
2015.05.21,1.10927,0.236278532538563,0.0,-0.9921149015426636
2015.05.22,1.11107,0.3454111726023257,0.0,0.9999996423721313
2015.05.25,1.10007,0.3189111826941371,0.0,0.9605658054351807
2015.05.26,1.09742,0.22016501519829035,0.0,0.9560787081718445
2015.05.27,1.08714,0.2509507513605058,0.0,-1.0
2015.05.28,1.09036,0.20715075312182307,0.0,0.8898575305938721
2015.05.29,1.09474,0.23749489337205887,0.0,-0.9999996423721313
2015.06.01,1.09815,0.29589487705379725,0.0,-1.0
2015.06.02,1.0923100000000001,0.06919486913830042,0.0,-0.755012035369873
2015.06.03,1.1149799999999999,-0.021406575106084347,0.0,0.9998968243598938
2015.06.04,1.1269799999999999,-0.05900269607082009,-0.011070707741401693,1.0
2015.06.05,1.12322,-0.20040269242599607,-0.030405853988625244,-0.9999474883079529
2015.06.08,1.1090799999999998,-0.3999921982176602,-0.13520714837005712,-1.0
2015.06.09,1.12904,-0.390092198504135,-0.25734938804863555,-1.0
2015.06.10,1.12805,-0.4351921973284334,-0.2766431794415158,-0.9999985098838806
2015.06.11,1.13256,-0.3642923047300428,-0.27134645093791765,-0.6106325387954712
2015.06.12,1.12547,-0.34072188776917756,-0.17346644741827325,0.9998741149902344
2015.06.15,1.12161,-0.27712989249266684,-0.13317195662737133,-0.5975165963172913
2015.06.16,1.1279700000000001,-0.2562765625771135,-0.08266115190186447,0.9999859929084778
2015.06.17,1.12448,-0.16347786760888994,-0.1458504961281656,0.9997328519821167
2015.06.18,1.13376,-0.1316863636020571,-0.1906187001733111,0.9999954104423523
2015.06.19,1.13694,-0.12688638584222645,-0.20556188220939622,0.9999582767486572
2015.06.22,1.13742,-0.16628474404569715,-0.19453059233339956,1.0
2015.06.23,1.1334799999999998,-0.34328474139329046,-0.2888689176452895,0.9999994039535522
2015.06.24,1.11578,-0.2998847694834694,-0.3488011258095081,1.0
2015.06.25,1.12012,-0.30948476924095303,-0.2738200804475209,1.0
2015.06.26,1.11916,-0.4975847719470039,-0.2976367800272826,1.0
2015.06.29,1.10035,-0.26348477287683636,-0.3495105071846521,0.9999998807907104
2015.06.30,1.12376,-0.3649847680935636,-0.21473678215891207,1.0
2015.07.01,1.11361,-0.4538847698131576,-0.2843497682914965,1.0
2015.07.02,1.1047200000000001,-0.4197847709292546,-0.24252876483073968,1.0
2015.07.03,1.1081299999999998,-0.5230847705388442,-0.18537004852264352,1.0
2015.07.06,1.0978,-0.4484847706044093,-0.21279312965860944,1.0
2015.07.07,1.1052600000000001,-0.49118476978037506,-0.11557871130403807,1.0
2015.07.08,1.10099,-0.42528477089945227,-0.04640292752557506,1.0
2015.07.09,1.10758,-0.465184772037901,-0.017688596854040846,1.0
2015.07.10,1.10359,-0.405384773039259,-0.01509201650485885,1.0
2015.07.13,1.1095700000000002,-0.5007847730303183,-0.020759698723523155,1.0
2015.07.14,1.1000299999999998,-0.49368477310054004,-0.07930430661543618,1.0
2015.07.15,1.10074,-0.5571847723331302,-0.10870566418394768,0.9515014290809631
2015.07.16,1.09439,-0.6243607762735337,-0.15044577187414865,-0.9999986290931702
2015.07.17,1.08733,-0.5836608342360705,-0.23666169424614097,-0.970599889755249
2015.07.20,1.0832600000000001,-0.5701694963499904,-0.23142629175795432,1.0
2015.07.21,1.08187,-0.4562694998458028,-0.2266458899952364,1.0
2015.07.22,1.0932600000000001,-0.46456949959974736,-0.14187760179608747,0.999998152256012
2015.07.23,1.09243,-0.41156959894578904,-0.06400738147241657,0.9962408542633057
2015.07.24,1.0977299999999999,-0.4078835077234544,-0.058764000346685545,-0.9768916368484497
2015.07.27,1.0981,-0.5136808767565526,-0.051765225091271044,-0.9997383952140808
2015.07.28,1.10893,-0.48388867086032405,-0.009120295053200042,-1.0
2015.07.29,1.10595,-0.4073886704281904,-0.15847721185638836,-1.0
2015.07.30,1.0983,-0.355588671809528,-0.030864348415727997,-1.0
2015.07.31,1.09312,-0.40158867283025756,0.07388257616416607,-1.0
2015.08.03,1.09772,-0.3746886728913523,0.013564793720521275,-1.0
2015.08.04,1.09503,-0.3067886727512814,0.11847725016802092,-1.0
2015.08.05,1.0882399999999999,-0.3285886734374799,0.11378659136439019,-1.0
2015.08.06,1.0904200000000002,-0.3465886731282808,0.13205445669477545,-1.0
2015.08.07,1.09222,-0.38798867171863094,0.06531074406254854,-1.0
2015.08.10,1.09636,-0.44348867057124153,0.0640043081896727,-1.0
2015.08.11,1.10191,-0.4662886695587076,-0.03165675447867379,-1.0
2015.08.12,1.10419,-0.5848886692547239,0.030624256755616672,0.9999887943267822
2015.08.13,1.11605,-0.5967885351856239,-0.07311430898532031,1.0
2015.08.14,1.11486,-0.6326885361340828,-0.03254210335860108,-0.9984055161476135
2015.08.17,1.11127,-0.5958473731880076,-0.007001109455291684,-0.9989047646522522
2015.08.18,1.10758,-0.5453027927433141,-0.010268281169836224,-0.8546240925788879
2015.08.19,1.1025200000000002,-0.6262356930528767,0.020594753333430933,-0.9638909101486206
2015.08.20,1.11199,-0.7389145393972285,-0.1493732766791877,0.6703808307647705
2015.08.21,1.12368,-0.6458656725590117,-0.22299804309681664,0.9997517466545105
2015.08.24,1.1375600000000001,-0.4146231015329249,-0.1820280947250626,-1.0
2015.08.25,1.16069,-0.32512310455786064,-0.004003278380230945,-1.0
2015.08.26,1.15174,-0.11982310126768425,0.11408093686292699,-1.0
2015.08.27,1.13121,-0.052823103324044496,0.19456321176867808,-1.0
2015.08.28,1.1245100000000001,0.01707689807517454,0.19007892597987394,-1.0
2015.08.31,1.11752,-0.018523102917242795,0.19883877761698027,-1.0
2015.09.01,1.1210799999999999,-0.12552310741739348,0.2051390436940476,-1.0
2015.09.02,1.13178,-0.03132310725050047,0.1278719120951275,-1.0
2015.09.03,1.12236,0.06987689033849165,0.13998000208569422,-1.0
2015.09.04,1.11224,0.03477689082501456,0.19936249223424993,-1.0
2015.09.07,1.11575,0.023976891243364662,0.19003774809783514,-1.0
2015.09.08,1.11683,-0.00812310870969668,0.2067757266537464,-1.0
2015.09.09,1.12004,-0.017023108957801014,0.22027226372812328,-1.0
2015.09.10,1.12093,-0.08562310977140442,0.22793448901690067,-1.0
2015.09.11,1.12779,-0.13382310891756788,0.26165139631290496,-1.0
2015.09.14,1.1326100000000001,-0.12492310866946355,0.23998113037943855,-1.0
2015.09.15,1.13172,-0.07432310987496749,0.26567384911393344,-1.0
2015.09.16,1.12666,-0.09652310895035043,0.2724590037722186,-1.0
2015.09.17,1.1288799999999999,-0.23442311125108972,0.23358706818888786,-1.0
2015.09.18,1.14267,-0.09072311135241762,0.1958845447030547,-1.0
2015.09.21,1.1283,0.0038768918602727354,0.3281710738393194,-1.0
2015.09.22,1.11884,0.0684768901555799,0.32878370855768935,-1.0
2015.09.23,1.11238,0.009276891069021076,0.27622182295055764,-1.0
2015.09.24,1.1183,-0.019723108562175184,0.1903631197862629,-1.0
2015.09.25,1.1212,0.0002768923877738416,0.06571676582867476,-1.0
2015.09.28,1.1192,-0.05002310877898708,0.035467215156114895,-1.0
2015.09.29,1.1242299999999998,-0.05532310897251591,-0.04533864466831723,-1.0
2015.09.30,1.12476,0.019176890200469643,-0.024996186032914057,-1.0
2015.10.01,1.11731,0.0018768900190480053,0.10171020227656745,-1.0
2015.10.02,1.11904,-0.027623111091088504,0.024318832463344,-1.0
2015.10.05,1.12199,0.00657688855426386,-0.07570743301363722,-1.0
2015.10.06,1.11857,-0.07802311301929876,-0.021848226601359336,-1.0
2015.10.07,1.12703,-0.04222311283228919,-0.07593761871980578,-1.0
2015.10.08,1.12345,-0.08342311455635354,-0.025285468010801056,-1.0
2015.10.09,1.1275700000000002,-0.16732311545638368,-0.0488253684045741,-1.0
2015.10.12,1.13596,-0.16332311555743217,-0.059330878954953016,-1.0
2015.10.13,1.1355600000000001,-0.1874231151305139,-0.021668080492531612,-1.0
2015.10.14,1.1379700000000001,-0.28002311242744327,-0.045814378469240205,-1.0
2015.10.15,1.14723,-0.190523115452379,-0.14734489733575706,-1.0
2015.10.16,1.13828,-0.15772311482578516,-0.06425285202020602,-1.0
2015.10.19,1.135,-0.13742311391979456,0.05770861183554845,-1.0
2015.10.20,1.13297,-0.153123113559559,-0.04026467864671477,-1.0
2015.10.21,1.1345399999999999,-0.14532311353832483,-0.14704584242412544,-1.0
2015.10.22,1.13376,0.08767688181251287,-0.21040301925470845,-1.0
2015.10.23,1.11046,0.1881768787279725,0.05361084078282624,-1.0
2015.10.26,1.10041,0.13897687662392855,0.13720590521838427,-0.9999998807907104
2015.10.27,1.10533,0.14637687534559518,0.09024064428712801,1.0
2015.10.28,1.10459,0.0251768744783476,0.12975485783864693,1.0
2015.10.29,1.09247,0.07697687309700996,0.049628635478882924,0.9999901056289673
2015.10.30,1.09765,0.13127633661497384,0.036026830713349514,1.0
2015.11.02,1.1030799999999998,0.10927633673418313,0.08000131996949433,1.0
2015.11.03,1.1008799999999999,0.06067633454222232,0.08480219061558823,0.9999999403953552
2015.11.04,1.09602,-0.036423655110411346,0.033252213926556556,0.9999049305915833
2015.11.05,1.08631,-0.018825327861122787,0.025336173495639536,-0.9999990463256836
2015.11.06,1.08807,0.13127453450579196,0.014301527310973516,1.0
2015.11.09,1.0730600000000001,0.14767453481908888,0.12256351315760329,0.9999986886978149
2015.11.10,1.0747,0.12447456538211554,0.18583239954727093,1.0
2015.11.11,1.0723799999999999,0.14167456480208784,0.16898307709298252,1.0
2015.11.12,1.0741,0.21247456374112517,0.19428933272658197,0.9999995827674866
2015.11.13,1.08118,0.1378745964029804,0.3019647772382477,0.9999997615814209
2015.11.16,1.07372,0.08627460862044245,0.1982675794609444,0.9998143315315247
2015.11.17,1.06856,0.04238275869283825,0.14516783698420133,-0.18710842728614807
2015.11.18,1.06417,0.03895867441315204,0.10587652600671396,-1.0
2015.11.19,1.066,-0.03404132730793208,0.11329170121540003,-1.0
2015.11.20,1.0733,0.05925867066252977,0.06414457954193895,-1.0
2015.11.23,1.06397,0.06465867045335472,-0.019780496400165586,-1.0
2015.11.24,1.0634299999999999,0.056058670743368566,-0.09110581525976162,-1.0
2015.11.25,1.06429,0.07515867066103965,-0.061851643274359776,-1.0
2015.11.26,1.0623799999999999,0.09065867110621184,-0.05300173550729506,-1.0
2015.11.27,1.06083,0.11165867035742849,0.05341459930541346,-1.0
2015.11.30,1.05873,0.1340586709557101,0.02871399990270847,-1.0
2015.12.01,1.05649,0.06445867184083909,0.0023442438450544637,-1.0
2015.12.02,1.06345,0.08375867211725563,-0.036614898656417844,-1.0
2015.12.03,1.06152,-0.24124131596181542,0.019116558146957802,-1.0
2015.12.04,1.09402,-0.1619413128355518,-0.11048405092528492,-1.0
2015.12.07,1.08609,-0.13984131219331175,-0.07560035294405935,-1.0
2015.12.08,1.08388,-0.195241310284473,-0.15478994160720988,-1.0
2015.12.09,1.08942,-0.3240413131425157,-0.1953152622891978,-1.0
2015.12.10,1.1023,-0.2402413176605478,-0.24556414625640013,-1.0
2015.12.11,1.09392,-0.28214131540153176,-0.2031995609156193,-1.0
2015.12.14,1.0981100000000001,-0.2987413149094209,-0.2696193071126532,-1.0
2015.12.15,1.0997700000000001,-0.22854131588246673,-0.24004709413272368,-1.0
2015.12.16,1.09275,-0.2120413159718737,-0.16955486275340786,-1.0
2015.12.17,1.0911,-0.12764131592120975,-0.1370359590858841,-1.0
2015.12.18,1.08266,-0.1354413159424439,-0.08740177641196478,-1.0
2015.12.21,1.08344,-0.2158413134748116,-0.0538918832715685,-1.0
2015.12.22,1.09148,-0.25344131339807063,-0.14858861720780198,-1.0
2015.12.23,1.09524,-0.2062413125531748,-0.1717246521839133,-1.0
2015.12.24,1.0905200000000002,-0.24114131287205964,-0.14002643942908277,-0.9999986290931702
2015.12.28,1.09401,-0.2674412779742852,-0.16917541935805394,0.9999932646751404
2015.12.29,1.09664,-0.3145409614080563,-0.1920470837407382,1.0
2015.12.30,1.0919299999999998,-0.3016409609699622,-0.2290991453185009,-0.6006927490234375
2015.12.31,1.09322,-0.2634969708742574,-0.23472282477863796,1.0
2016.01.04,1.08687,-0.30419696879107505,-0.17639425399344005,1.0
2016.01.05,1.0828,-0.39179696526844054,-0.2091501839600831,1.0
2016.01.06,1.0740399999999999,-0.3560969658428803,-0.12245667209687609,1.0
2016.01.07,1.07761,-0.20159696752671152,-0.16460668684811336,1.0
2016.01.08,1.0930600000000001,-0.216196968103759,-0.044613043681803986,1.0
2016.01.11,1.0916,-0.2758969663409516,-0.015367293831961979,1.0
2016.01.12,1.0856299999999999,-0.28119696653448045,0.038251520449453416,1.0
2016.01.13,1.0851,-0.2570969669613987,-0.034154646567540095,1.0
2016.01.14,1.08751,-0.2697969670407474,0.021059229106207375,1.0
2016.01.15,1.0862399999999999,-0.21319696912541986,0.024361142025943874,1.0
2016.01.18,1.0919,-0.240496969781816,0.013080684637904974,1.0
2016.01.19,1.08917,-0.2252969692926854,-0.024175677947307527,1.0
2016.01.20,1.09069,-0.24309696978889406,-0.08798345233303759,1.0
2016.01.21,1.08891,-0.25939696934074163,-0.09686246965815357,1.0
2016.01.22,1.08728,-0.3416969673708081,-0.04125216035845193,1.0
2016.01.25,1.07905,-0.2836969681084156,-0.07985531103990308,1.0
2016.01.26,1.08485,-0.26159696746617556,-0.06935883585233814,1.0
2016.01.27,1.0870600000000001,-0.23959696758538485,-0.01838928127845849,1.0
2016.01.28,1.0892600000000001,-0.192396966740489,0.025079417805524726,1.0
2016.01.29,1.09398,-0.2995969634503126,0.11064294865663116,1.0
2016.02.01,1.0832600000000001,-0.24529696442186832,0.0016850305583673115,1.0
2016.02.02,1.08869,-0.21379696438089013,0.014847945029276291,1.0
2016.02.03,1.09184,-0.026696959976106882,0.07429088298640657,1.0
2016.02.04,1.11055,0.07340304320678115,0.26283498891246165,1.0
2016.02.05,1.12056,0.011103043798357248,0.29909881882494127,-1.0
2016.02.08,1.1143299999999998,-0.03829695517197251,0.15935825814922952,-1.0
2016.02.09,1.11927,-0.13809695141389966,0.1310832395871893,-1.0
2016.02.10,1.12925,-0.1376969514240045,0.09771235330735528,-1.0
2016.02.11,1.12921,-0.1698969521385152,0.10181022353415013,-1.0
2016.02.12,1.1324299999999998,-0.0826969493937213,0.06151817905018235,-1.0
2016.02.15,1.12371,0.00040305472793988883,0.12795560821721108,-1.0
2016.02.16,1.1154,0.010403055202914402,0.1438382563555696,-1.0
2016.02.17,1.1144,0.026303055201424286,0.17015148065100305,-1.0
2016.02.18,1.11281,0.04820305432076566,0.17062205932754887,-1.0
2016.02.19,1.1106200000000002,0.0432030540832784,0.19837348428423504,-1.0
2016.02.22,1.11112,0.12500305296271108,0.2066332109333998,-1.0
2016.02.23,1.10294,0.13490305267623626,0.3286463256263281,-1.0
2016.02.24,1.10195,0.14170305264997296,0.29669375906051276,-1.0
2016.02.25,1.10127,0.13620305267977528,0.2856135872175049,-1.0
2016.02.26,1.10182,0.24020305296289735,0.2653479016919097,-1.0
2016.02.29,1.09142,0.28150305079179816,0.2957048076057747,-1.0
2016.03.01,1.0872899999999999,0.28860305072157644,0.43504407723418764,-1.0
2016.03.02,1.0865799999999999,0.2865030507382471,0.4006327856126338,-1.0
2016.03.03,1.08679,0.19870305273798294,0.3739481838449474,-1.0
2016.03.04,1.0955700000000002,0.1638030524190981,0.18940611113743677,-1.0
2016.03.07,1.09906,0.14080305190873332,0.08009177234595362,-1.0
2016.03.08,1.1013600000000001,0.1435030518041458,0.11865039652890047,-0.9999991655349731
2016.03.09,1.10109,0.155303042702144,0.17120465992879252,-1.0
2016.03.10,1.09991,-0.023096955992514268,0.3148592523418833,-1.0
2016.03.11,1.11775,0.018303042597835883,0.09032755558459545,-1.0
2016.03.14,1.11361,0.053003043722128496,0.14871206824938538,-0.9999997615814209
2016.03.15,1.11014,0.045903045538580045,0.11138740202882566,-1.0
2016.03.16,1.11085,-0.06849695011624135,0.03906523976081812,-1.0
2016.03.17,1.12229,-0.1634969470615033,-0.061891442445866605,-0.9999999403953552
2016.03.18,1.13179,-0.10769695058115758,-0.14227850581357446,0.9999956488609314
2016.03.21,1.12621,-0.1286968590284232,-0.11472547329564142,-0.9979425072669983
2016.03.22,1.12411,-0.10504562189453281,-0.12638025833912486,-0.9930636286735535
2016.03.23,1.12174,-0.06949394490220584,-0.17654585840891485,-0.9999790191650391
2016.03.24,1.11816,-0.06299408109043725,-0.1552397766394588,-0.9999997019767761
2016.03.25,1.11751,-0.04969408459146507,-0.15547699573763987,-0.9999993443489075
2016.03.28,1.11618,-0.08349406023626216,-0.14077492418139712,-0.9997796416282654
2016.03.29,1.11956,-0.17767330122296698,-0.26694223846634657,-0.9999996423721313
2016.03.30,1.1289799999999999,-0.224773282679962,-0.3730790082403917,-0.9999973773956299
2016.03.31,1.1336899999999999,-0.26617317416821606,-0.41810895779075863,-0.9694982171058655
2016.04.01,1.13783,-0.2881807852827478,-0.45101362844214393,0.9997808933258057
2016.04.04,1.1401,-0.29977824378875084,-0.40882746599048886,-1.0
2016.04.05,1.13894,-0.29377824350376613,-0.38934385597198784,-0.98238605260849
2016.04.06,1.13834,-0.30920170436729677,-0.3629843296342448,0.8151662349700928
2016.04.07,1.13991,-0.32672777844709344,-0.3796130285854385,1.0
2016.04.08,1.13776,-0.2877277795050759,-0.4076419875210165,1.0
2016.04.11,1.1416600000000001,-0.2994277789548505,-0.27527207987676133,1.0
2016.04.12,1.14049,-0.3190277791873086,-0.34259046052018266,1.0
2016.04.13,1.1385299999999998,-0.43112778061185963,-0.4145295185689686,1.0
2016.04.14,1.12732,-0.43872778085642494,-0.48208301698533873,1.0
2016.04.15,1.12656,-0.4014277808892075,-0.41496521761667166,1.0
2016.04.18,1.13029,-0.39332778091193177,-0.28115338628709347,1.0
2016.04.19,1.1311,-0.3471277830249164,-0.36066760541961085,1.0
2016.04.20,1.13572,-0.40902778404415585,-0.26170738747376215,1.0
2016.04.21,1.12953,-0.4171277840214316,-0.3580862370842889,1.0
2016.04.22,1.1287200000000002,-0.48632778474711813,-0.42564500285119866,1.0
2016.04.25,1.1218,-0.4416277843120042,-0.5029902953002532,1.0
2016.04.26,1.12627,-0.4068277847545687,-0.4460154228558605,1.0
2016.04.27,1.12975,-0.3812277854012791,-0.35647591291297787,1.0
2016.04.28,1.13231,-0.35622778596007265,-0.24101379134953352,1.0
2016.04.29,1.13481,-0.24422778995358385,-0.1566710408412413,1.0
2016.05.02,1.14601,-0.1721277904289309,0.022536481245890614,1.0
2016.05.03,1.1532200000000001,-0.2081277898105327,0.11411578113019369,-0.8814475536346436
2016.05.04,1.14962,-0.199401459103683,0.08886383812289002,-1.0
2016.05.05,1.1486299999999998,-0.11830146089778282,0.09149282775667673,-1.0
2016.05.06,1.14052,-0.10910146069363691,0.17651557029385231,-0.9999997615814209
2016.05.09,1.1396,-0.09560146383591928,0.20258254623520605,-0.6712749004364014
2016.05.10,1.13825,-0.08862020462402143,0.18023000256970498,-1.0
2016.05.11,1.13721,-0.14262020602473058,0.19857565643834713,-1.0
2016.05.12,1.1426100000000001,-0.09232020485796966,0.1614766383300594,-1.0
2016.05.13,1.13758,-0.028020204190397635,0.3573239594063798,-0.9999906420707703
2016.05.16,1.13115,-0.036620123573811725,0.42570834510054,-0.9999993443489075
2016.05.17,1.13201,-0.028520128835225478,0.37653094694835326,-0.9999960064888
2016.05.18,1.1312,0.0677794915100094,0.37653094113216806,-1.0
2016.05.19,1.1215700000000002,0.08067949194810353,0.4049931562809923,-1.0
2016.05.20,1.12028,0.07467949166311882,0.5147903847708076,-1.0
2016.05.23,1.1208799999999999,0.06327949216938578,0.5177660741276022,-1.0
2016.05.24,1.12202,0.1430794944462832,0.6370935105094678,-1.0
2016.05.25,1.11404,0.12837949427193962,0.655293183496695,-1.0
2016.05.26,1.11551,0.08987949448055588,0.58721463189719,-0.9999960660934448
2016.05.27,1.1193600000000001,0.17007917384034954,0.4931557335128438,-1.0
2016.05.30,1.11134,0.14507917439914308,0.5317938948173138,-1.0
2016.05.31,1.11384,0.15207917414954863,0.4211220013193843,-0.9999958276748657
2016.06.01,1.11314,0.09587940745404921,0.3640883556831904,-1.0
2016.06.02,1.11876,0.13267940827063285,0.3307703286637847,-1.0
2016.06.03,1.1150799999999998,-0.07262059501954354,0.3594095667918584,-1.0
2016.06.06,1.13561,-0.07032059496850707,0.03494441872325579,-1.0
2016.06.07,1.1353799999999998,-0.07342059499933384,0.029675546443952466,-1.0
2016.06.08,1.1356899999999999,-0.11072059496655129,0.016986047594866552,-1.0
2016.06.09,1.13942,-0.033020594710251316,-0.016786197399617904,-1.0
2016.06.10,1.13165,0.03427940551773645,0.08197794237981004,-1.0
2016.06.13,1.1249200000000001,-0.008920592808863148,0.09370355650627865,-1.0
2016.06.14,1.12924,0.07917940281913616,0.014262155405671358,-1.0
2016.06.15,1.12043,0.02427940387860872,0.08310062045733647,-1.0
2016.06.16,1.12592,0.05957940491498448,0.03720177248292793,-1.0
2016.06.17,1.12239,-0.04772059721290134,-0.0060312968641944385,0.9999744892120361
2016.06.20,1.1331200000000001,-0.06852006641565822,-0.08923672670562581,-0.46460533142089844
2016.06.21,1.13104,-0.03660167902125977,-0.09941878700218168,-0.9998764991760254
2016.06.22,1.1241700000000001,-0.09039503391250037,-0.06886141671580193,-1.0
2016.06.23,1.12955,-0.17479503396316431,-0.16565736139577306,-1.0
2016.06.24,1.13799,0.19810496029094793,-0.2095095001225457,-0.9988627433776855
2016.06.27,1.1007,0.18222304308437742,0.04809676987013977,-0.9993098974227905
2016.06.28,1.10229,0.1421507193299476,0.005461014346007152,1.0
2016.06.29,1.1063,0.20145071917795576,-0.0013141536891335271,1.0
2016.06.30,1.1122299999999998,0.1860507194942329,0.02200026501373201,1.0
2016.07.01,1.11069,0.2039507195877377,0.04045103123493931,1.0
2016.07.04,1.11248,0.23175071939476766,0.03203265156366592,1.0
2016.07.05,1.1152600000000001,0.15395071837701835,0.1522999918875444,1.0
2016.07.06,1.10748,0.17855071942904033,0.10991395169722855,1.0
2016.07.07,1.10994,0.14025071883224882,0.12349971266800111,0.9999969005584717
2016.07.08,1.10611,0.12445076732547022,0.12297870139247347,0.9996237754821777
2016.07.11,1.10453,0.13524670401238836,0.07794663416788788,0.9909229874610901
2016.07.12,1.10561,0.1391113035788294,0.05046265784627608,0.9655131101608276
2016.07.13,1.106,0.16711118383682333,0.0744571851501953,-0.9427614808082581
2016.07.14,1.1089,0.14146807123324834,0.044987554356230315,0.6381589770317078
2016.07.15,1.11162,0.09845615350059234,0.06039612251840524,0.8921806216239929
2016.07.18,1.1048799999999999,0.12138519654399715,0.019970167184431387,-0.9852057695388794
2016.07.19,1.10745,0.175571513682371,0.0899807302477965,-1.0
2016.07.20,1.10195,0.18207151370006613,0.129485303963952,-1.0
2016.07.21,1.1013,0.1707715138036292,0.1161443888083873,-1.0
2016.07.22,1.10243,0.2217715156439226,0.14027540788267964,-1.0
2016.07.25,1.09733,0.2009715155872982,0.21888984024003963,-1.0
2016.07.26,1.09941,0.20877151560853235,0.003943025890438122,-1.0
2016.07.27,1.09863,0.13767151438514702,0.03668217788534762,-1.0
2016.07.28,1.10574,0.12027151460642926,-0.0057974960939290695,-1.0
2016.07.29,1.10748,0.02307151022250764,-0.11226610208934963,-1.0
2016.08.01,1.1172,0.03427151052164845,-0.1953114217861571,-1.0
2016.08.02,1.11608,-0.02632848991197534,-0.20427017243352258,-1.0
2016.08.03,1.12214,0.046471510286210105,-0.3056229249492223,-1.0
2016.08.04,1.11486,0.067971511016367,-0.12391533538173186,-1.0
2016.08.05,1.11271,0.11797150989877991,-0.12780211205106723,-1.0
2016.08.08,1.10771,0.10737150951172225,-0.025192942208376486,-1.0
2016.08.09,1.10877,0.07957150970469229,-0.019346081736327077,-1.0
2016.08.10,1.11155,0.020271509856684133,-0.06262526553539846,-1.0
2016.08.11,1.11748,0.0584715096920263,-0.12868291612149313,-1.0
2016.08.12,1.11366,0.02807150871376507,-0.11651622910952111,-1.0
2016.08.15,1.1167,0.01307150858337991,-0.12130152946985549,-1.0
2016.08.16,1.1182,-0.0828284905583132,-0.09286681121433908,-1.0
2016.08.17,1.12779,-0.08902849061996676,-0.20492875180961379,-0.9999999403953552
2016.08.18,1.1284100000000001,-0.15732848449260928,-0.27831492436763344,-1.0
2016.08.19,1.13524,-0.11822848478914239,-0.3471647727881958,-1.0
2016.08.22,1.13133,-0.12372848475934006,-0.2865937387086072,-1.0
2016.08.23,1.13188,-0.10922848494374193,-0.35884071655068767,-1.0
2016.08.24,1.1304299999999998,-0.06772848559194244,-0.3190143298275671,-1.0
2016.08.25,1.12628,-0.08902848479920067,-0.27647718741440663,-1.0
2016.08.26,1.1284100000000001,0.014171518705552444,-0.23525504116181822,-1.0
2016.08.29,1.11809,0.006371518684318289,-0.09742454795059372,-0.7496402859687805
2016.08.30,1.11887,0.04085497334017418,-0.016701022417101512,-0.9999997615814209
2016.08.31,1.11427,0.02625497625558637,0.006510787630781638,-0.9995706081390381
2016.09.01,1.1157299999999999,-0.013527934352168813,0.05403247992645391,0.999983012676239
2016.09.02,1.11971,-0.05382724935770966,-0.06439321284306415,0.9999998807907104
2016.09.05,1.11568,-0.06372724790708162,-0.12973833007836497,1.0
2016.09.06,1.11469,0.043672750325640664,-0.20154812696656854,0.9995600581169128
2016.09.07,1.12543,0.028479436732595786,-0.06125001109494842,1.0
2016.09.08,1.12391,0.04867943687713705,-0.04935516460679404,-1.0
2016.09.09,1.1259299999999999,0.07677943664020859,0.028292888925006816,-1.0
2016.09.12,1.1231200000000001,0.07297943651792593,0.01835794636287941,-1.0
2016.09.13,1.1235,0.09007943634060211,0.04550868456147508,-1.0
2016.09.14,1.12179,0.05997943531838246,0.0781383863147184,-0.9999998807907104
2016.09.15,1.1248,0.06447943465900607,0.16141860048345358,-0.9999802112579346
2016.09.16,1.12435,0.15457765737664886,0.17390813943336206,-0.9999333620071411
2016.09.19,1.11534,0.13437900299322791,0.3536315970248802,-0.9998007416725159
2016.09.20,1.1173600000000001,0.1569744998414535,0.2845882932749216,-0.965831458568573
2016.09.21,1.1151,0.12181823447463103,0.3172281879644788,-1.0
2016.09.22,1.11874,0.10231823500362225,0.2536172206808146,-1.0
2016.09.23,1.12069,0.0837182354007382,0.18707746000485426,-1.0
2016.09.26,1.12255,0.05551823487621732,0.19041557823173125,-1.0
2016.09.27,1.12537,0.09671823660028167,0.051514440288701856,-1.0
2016.09.28,1.12125,0.09391823652549647,0.11020182257459515,-1.0
2016.09.29,1.12153,0.09031823647092097,0.06568257899640899,-1.0
2016.09.30,1.12189,0.07731823643553071,0.07963435297535974,-1.0
2016.10.03,1.12319,0.09901823636027984,0.11600022194079211,-1.0
2016.10.04,1.1210200000000001,0.1072182365169283,0.20174089178494323,-1.0
2016.10.05,1.1202,0.10541823648964055,0.22692091781740356,-1.0
2016.10.06,1.12038,0.16001823780243285,0.10425751657549048,-1.0
2016.10.07,1.1149200000000001,0.11841823768918402,0.20928926995285638,-1.0
2016.10.10,1.1190799999999999,0.1741182380646933,0.10571010673277675,0.9999959468841553
2016.10.11,1.11351,0.09241857056622393,0.14061570417438954,0.9996025562286377
2016.10.12,1.10534,0.0453372900665272,0.02452701580267707,1.0
2016.10.13,1.10063,0.09503729132120498,-0.054786627623993875,1.0
2016.10.14,1.1056,0.00863729466800578,0.041885551331301986,1.0
2016.10.17,1.09696,0.03723729358171113,-0.060391779592710144,1.0
2016.10.18,1.09982,0.01773729411070235,-0.1411528323490604,1.0
2016.10.19,1.0978700000000001,0.012237294140504673,-0.1403549495774243,1.0
2016.10.20,1.09732,-0.03286270468379371,-0.1764024539282587,1.0
2016.10.21,1.09281,-0.07926270409370773,-0.18662112112543136,1.0
2016.10.24,1.08817,-0.08136270407703705,-0.2147159970135184,1.0
2016.10.25,1.08796,-0.07346270387643017,-0.1954036105112084,1.0
2016.10.26,1.08875,-0.05396270440542139,-0.15318578828657545,1.0
2016.10.27,1.0907,-0.06526270430185832,-0.18337340422605794,1.0
2016.10.28,1.0895700000000001,0.02443729419610463,-0.1937343871562495,1.0
2016.10.31,1.09854,0.019337294361321256,-0.07084402613988829,1.0
2016.11.01,1.0980299999999998,0.09473729573073797,-0.062421986633036004,0.9999972581863403
2016.11.02,1.1055700000000002,0.13443718824419193,-0.004334113102283136,1.0
2016.11.03,1.10954,0.14293718835688196,0.02712988250420125,1.0
2016.11.04,1.11039,0.12083718771464191,0.03738165220025202,0.9999998807907104
2016.11.07,1.10818,0.0793371930194553,-0.04009597175247743,0.9999998807907104
2016.11.08,1.1040299999999998,0.06853719460195862,-0.039997122369108615,-0.9999992251396179
2016.11.09,1.10295,0.1893370992911514,-0.11239695616530788,-0.9999756813049316
2016.11.10,1.09087,0.20723666399135254,0.09456379488919395,-1.0
2016.11.11,1.0890799999999998,0.26253666597767733,0.16240503233432865,-1.0
2016.11.14,1.08355,0.3617366669641342,0.1671415785910056,-1.0
2016.11.15,1.0736299999999999,0.3768366666918155,0.36084088365920386,-0.9999978542327881
2016.11.16,1.07212,0.4081366000173148,0.34759665979948584,1.0
2016.11.17,1.0689899999999999,0.3432365994376596,0.40482111746974286,1.0
2016.11.18,1.0625,0.3101365988550242,0.3213908292153879,1.0
2016.11.21,1.0591899999999999,0.3447365992178675,0.3374937015736059,1.0
2016.11.22,1.06265,0.3431365992582869,0.43485533696341966,1.0
2016.11.23,1.06249,0.2695365976251196,0.435474215346489,1.0
2016.11.24,1.05513,0.26803659755387343,0.3233501605865014,1.0
2016.11.25,1.05498,0.32313659801729955,0.3027434738601083,1.0
2016.11.28,1.06049,0.3257365980243776,0.36294900649851586,1.0
2016.11.29,1.06075,0.36743659889907576,0.29596017746182685,1.0
2016.11.30,1.06492,0.3105365986994002,0.34101431456199194,0.9999534487724304
2016.12.01,1.05923,0.37663352108211257,0.20909162274129361,-0.6892017126083374
2016.12.02,1.06584,0.42274111779988743,0.22970192036814982,-0.9997836351394653
2016.12.05,1.05915,0.2509783011919353,0.26260893376787087,-1.0
2016.12.06,1.07633,0.29697830221266486,0.0968431113279135,-1.0
2016.12.07,1.0717299999999998,0.26107830126420595,0.16295830484485607,-1.0
2016.12.08,1.07532,0.4020783038868103,0.1427743135887768,-1.0
2016.12.09,1.06122,0.4753783032356296,0.1534724245500068,-1.0
2016.12.12,1.05389,0.3807783000229392,0.18955877513014308,-1.0
2016.12.13,1.06335,0.3915782996045891,0.0800355886919909,-1.0
2016.12.14,1.06227,0.4842783023195807,0.021146264832980707,-1.0
2016.12.15,1.053,0.6026783004926983,0.07316396683820374,-1.0
2016.12.16,1.04116,0.577278300334001,0.12547109238966792,-1.0
2016.12.19,1.0437,0.6133783004770521,0.15391529121483105,-1.0
2016.12.20,1.04009,0.628778300160775,0.20085462491235226,-1.0
2016.12.21,1.03855,0.5904782995639835,0.1885050686622411,-1.0
2016.12.22,1.0423799999999999,0.580978299403796,0.1623620603842161,-0.9999998807907104
2016.12.23,1.0433299999999999,0.5631783012358937,0.211271679634242,-1.0
2016.12.26,1.04511,0.5634783012283151,0.19945877935501247,-0.9999997615814209
2016.12.27,1.04508,0.5590783023581025,0.16371609770303103,1.0
2016.12.28,1.04552,0.5167783015713212,0.15881596695803782,0.9800843596458435
2016.12.29,1.04129,0.5908726771667716,0.10087146480510645,-1.0
2016.12.30,1.04885,0.5666726768322405,0.18973971155262612,-1.0
2017.01.02,1.0512700000000001,0.6270726757429657,0.12972740052803794,-1.0
2017.01.03,1.0452299999999999,0.6739726743035135,0.13863596609973913,-1.0
2017.01.04,1.04054,0.5913726786457119,0.34986140266363197,-1.0
2017.01.05,1.0488,0.4771726752005634,0.22898722803597768,-1.0
2017.01.06,1.0602200000000002,0.5487726755745825,0.1551610217549692,-1.0
2017.01.09,1.05306,0.5056726733528194,0.1140295781141612,-1.0
2017.01.10,1.0573700000000001,0.5247726732704905,0.023936661446876666,-1.0
2017.01.11,1.05546,0.4992726723503438,0.12162497032383714,-1.0
2017.01.12,1.0580100000000001,0.46597267257311614,0.09031117155263671,-1.0
2017.01.13,1.06134,0.4545726730793831,-0.01620473707125373,-1.0
2017.01.16,1.0624799999999999,0.48397267342807027,-0.1509364856378117,-1.0
2017.01.17,1.05954,0.3687726716816542,-0.09422053564776961,-1.0
2017.01.18,1.0710600000000001,0.4509726736068842,-0.22509456150236992,-1.0
2017.01.19,1.06284,0.4170726739175734,-0.1532577908744414,-1.0
2017.01.20,1.06623,0.38047267462388845,-0.14975067194364014,-1.0
2017.01.23,1.06989,0.3144726749815163,-0.17212342589922786,-1.0
2017.01.24,1.07649,0.3494726760618505,-0.20869814142604856,-1.0
2017.01.25,1.0729899999999999,0.3294726751119015,-0.1769954482898645,-1.0
2017.01.26,1.07499,0.4005726763352868,-0.18982792555467748,-1.0
2017.01.27,1.06788,0.3649726753428695,-0.09271853368224536,-1.0
2017.01.30,1.07144,0.38677267602906795,-0.18795010265006565,-1.0
2017.01.31,1.06926,0.28247267811821075,-0.14883801286588835,-0.9999997615814209
2017.02.01,1.07969,0.31087267085240455,-0.2789209893643369,0.9999998211860657
2017.02.02,1.07685,0.3017726725738612,-0.2980585499938784,-1.0
2017.02.03,1.07594,0.27087267244496616,-0.2455924770270593,-0.9999992847442627
2017.02.06,1.07903,0.31217264233418973,-0.19007793145077126,0.9999995231628418
2017.02.07,1.0749,0.24097267294564517,-0.2263401148260661,0.9999894499778748
2017.02.08,1.06778,0.2598724734343705,-0.24725623507377542,1.0
2017.02.09,1.0696700000000001,0.2205724722080049,-0.2474719383363213,1.0
2017.02.10,1.06574,0.19787247165368171,-0.2590921083895692,1.0
2017.02.13,1.0634700000000001,0.15817247203813167,-0.2499593080460874,1.0
2017.02.14,1.0595,0.1375724711760995,-0.27463172320607127,1.0
2017.02.15,1.05744,0.16237247142271372,-0.32681717870318727,1.0
2017.02.16,1.05992,0.23517247162089916,-0.21344860066315707,1.0
2017.02.17,1.0672,0.17067246943042846,-0.2274125408113408,0.995341420173645
2017.02.20,1.06075,0.17345942545944126,-0.252858484895258,-0.9981201887130737
2017.02.21,1.06103,0.24781937700026901,-0.21357909439307446,-1.0
2017.02.22,1.05358,0.22721937613823684,-0.066569659982097,-0.9999986290931702
2017.02.23,1.05564,0.20701940393337281,-0.12379817729103842,0.9863109588623047
2017.02.24,1.05766,0.19311241911054822,-0.12399305450428214,0.9997859001159668
2017.02.27,1.05625,0.2159075356394169,-0.2256636771551779,0.9996798038482666
2017.02.28,1.05853,0.20561083325446816,-0.16165613061454753,0.9819028377532959
2017.03.01,1.0575,0.1768410798467812,-0.19861912588640016,0.999943196773529
2017.03.02,1.05457,0.13934321108536096,-0.1317789084008761,-1.0
2017.03.03,1.05082,0.04054321314470144,-0.21493983297218472,-1.0
2017.03.06,1.0607,0.06614321249799104,-0.2918278151738712,1.0
2017.03.07,1.0581399999999999,0.04984321294614347,-0.22590267544707895,-0.9999991655349731
2017.03.08,1.05651,0.07574319130071672,-0.30008682229494515,-0.9999998807907104
2017.03.09,1.05392,0.039543195052829105,-0.19563270768297356,-1.0
2017.03.10,1.05754,-0.06445680523029296,-0.2610957106602934,-1.0
2017.03.13,1.06794,-0.03815680520347087,-0.30486393589189525,-1.0
2017.03.14,1.06531,0.011743192917492706,-0.2483352586434249,-1.0
2017.03.15,1.0603200000000002,-0.11315680352709023,-0.1496978071647588,-1.0
2017.03.16,1.07281,-0.14905680447554914,-0.22570155575709153,-1.0
2017.03.17,1.0764,-0.12135680542996852,-0.2826391325910944,-1.0
2017.03.20,1.0736299999999999,-0.12335680537944427,-0.34168265202420955,-1.0
2017.03.21,1.0738299999999998,-0.19335680754011264,-0.2880191421372963,-1.0
2017.03.22,1.08083,-0.1784568070070236,-0.35025448531094566,-1.0
2017.03.23,1.07934,-0.16735680746933213,-0.44009347857533715,-1.0
2017.03.24,1.07823,-0.2151568082263111,-0.4031559155289785,-1.0
2017.03.27,1.08301,-0.24955680706625571,-0.42760699490218435,-1.0
2017.03.28,1.08645,-0.19545680490409723,-0.447660197276195,-1.0
2017.03.29,1.08104,-0.14925680701708188,-0.4004766580966331,-1.0
2017.03.30,1.0764200000000002,-0.0621568096903502,-0.3322184512745216,-1.0
2017.03.31,1.06771,-0.046856809603923466,-0.2055639669739868,-1.0
2017.04.03,1.06618,-0.05405680971307447,-0.1602803602721268,-1.0
2017.04.04,1.0669,-0.05325680973328417,-0.0874054625695745,-1.0
2017.04.05,1.06682,-0.04735680962767219,-0.11122779779479165,-1.0
2017.04.06,1.06623,-0.027856810156663414,-0.09054882659758427,-1.0
