2015.09.04,1125.32,2.1365265250205994,0.0,-0.7657800912857056
2015.09.05,1122.03,1.3427526652812958,4.383212104571676,-0.5869768261909485
2015.09.07,1123.23,5.508746832609177,1.6588423929385436,-0.9331339001655579
2015.09.08,1118.58,2.33918696641922,1.781274412222331,-0.8420538902282715
2015.09.09,1122.29,9.755682468414307,1.3544001637877041,-0.5245999097824097
2015.09.10,1107.85,7.336944073438644,1.5425254335111858,-0.8593072295188904
2015.09.11,1110.47,9.144304037094116,1.6591564979847604,-0.7431938648223877
2015.09.12,1107.96,9.182743549346924,1.7824980435280113,-0.3796633780002594
2015.09.14,1107.38,8.882415279746056,1.9107290487253374,-0.14350205659866333
2015.09.15,1108.65,8.368906542658806,2.0392580303420385,0.11811703443527222
2015.09.16,1105.41,4.931220889091492,2.073634691648914,-0.22584405541419983
2015.09.17,1119.87,5.9463759660720825,2.155619253271583,0.10153709352016449
2015.09.18,1131.48,4.345432549715042,2.1560225911855384,-0.1785915642976761
2015.09.19,1139.66,4.542053021490574,2.173436161556111,-0.4127873182296753
2015.09.21,1138.9,2.722058482468128,2.0731656309879987,0.25451117753982544
2015.09.22,1133.06,-0.30355820804834366,1.7559524542813405,0.37849608063697815
2015.09.23,1125.23,1.4973362311720848,1.6565743811286757,0.40090706944465637
2015.09.24,1129.75,20.50644014030695,1.2957390191254408,0.8282101154327393
2015.09.25,1152.96,15.842844612896442,1.3002682567563273,0.7202525734901428
2015.09.26,1146.56,14.731257982552052,1.3317581272739563,0.7955204844474792
2015.09.28,1145.21,9.749537475407124,1.3814329802053964,0.3531556725502014
2015.09.29,1131.73,13.5528299883008,1.4219552100099369,-0.9999674558639526
2015.09.30,1127.25,24.82210371643305,1.3554933104421367,-0.9999368786811829
2015.10.01,1115.98,26.642065294086933,1.3512283055525973,-0.9999947547912598
2015.10.02,1114.16,3.292429633438587,1.3234298849716675,-0.9999841451644897
2015.10.03,1137.51,3.4422980919480324,1.3391553719655187,-0.9997854232788086
2015.10.05,1137.36,5.09184492379427,1.2985392593124105,-0.9997393488883972
2015.10.06,1135.71,-6.086829088628292,1.1077672305880213,-0.9998753070831299
2015.10.07,1146.89,-4.886970661580563,0.965683053188603,-0.9998867511749268
2015.10.08,1145.69,0.9829691126942635,0.9074832125164767,-0.9999993443489075
2015.10.09,1139.82,-16.70572256296873,0.6604233132816381,-0.9999238848686218
2015.10.10,1157.51,-14.355813644826412,0.5089190811056175,-0.9999713897705078
2015.10.12,1155.16,-21.545803539454937,0.3515593145431696,-0.9999968409538269
2015.10.13,1162.35,-27.045625530183315,0.2009509562570645,-0.999964714050293
2015.10.14,1167.85,-47.24551495164633,0.02435962716844184,-0.9999938011169434
2015.10.15,1188.05,-41.85556825250387,-0.08739595579512985,-0.9999904632568359
2015.10.16,1182.66,-33.875602059066296,-0.16419309390730072,-0.9999961256980896
2015.10.17,1174.68,-35.92558368295431,-0.23128509690313484,-0.99998939037323
2015.10.19,1176.73,-29.095598332583904,-0.2889887325810855,-0.9999985098838806
2015.10.20,1169.9,-36.24543269723654,-0.4056936536178619,-0.9999752044677734
2015.10.21,1177.05,-26.235988818109035,-0.5018498078361585,-0.999945878982544
2015.10.22,1167.04,-25.29602950066328,-0.6013244978259406,-0.9999690651893616
2015.10.23,1166.1,-26.3758941963315,-0.6926300252611077,0.6903334856033325
2015.10.24,1165.76,-27.848176576197147,-0.8132669864277685,0.7448561787605286
2015.10.26,1163.82,-28.22674122173339,-1.038716383404971,-0.020455172285437584
2015.10.27,1163.62,-28.239064868772402,-1.404166176567493,-0.000979467760771513
2015.10.28,1166.26,-25.05620561190881,-1.5918411127172911,-0.3583749532699585
2015.10.29,1156.88,-20.68634770461358,-1.820528489189264,-0.40844738483428955
2015.10.30,1146.12,-16.243923377478495,-2.138734859802754,-0.999575674533844
2015.10.31,1141.38,-16.40387138375081,-2.2931194811730355,-0.9995288848876953
2015.11.02,1141.54,-10.054257270181552,-2.4000808232574746,-0.9999743103981018
2015.11.03,1135.19,7.204988453304395,-2.213096068925835,-0.9999568462371826
2015.11.04,1117.93,16.89493391267024,-1.6498763993448238,-0.9999964237213135
2015.11.05,1108.24,20.00479805818759,-1.3030151123572635,-0.9999619126319885
2015.11.06,1105.13,37.269243869697675,-0.9207760149924267,-0.9996863603591919
2015.11.07,1087.86,35.38965252391063,-0.690893966767916,-0.9997624158859253
2015.11.09,1089.74,34.53982603899203,-0.5064655384097854,-0.999783456325531
2015.11.10,1090.59,36.92794317356311,-0.34575072079617075,-0.9993110299110413
2015.11.11,1088.2,41.02665317407809,-0.20380274741100676,-0.9997374415397644
2015.11.12,1084.1,41.826492104446515,-0.07235815404150646,-0.9999005794525146
2015.11.13,1083.3,42.29552325955592,0.041463145261705366,-0.9989499449729919
2015.11.14,1082.83,36.85697463504039,0.1575798138394733,-0.999667227268219
2015.11.16,1088.27,40.62850812426768,0.26228960495611137,-0.643278181552887
2015.11.17,1082.13,50.63673112145625,0.3767090553366912,-0.9914619326591492
2015.11.18,1071.86,52.28066510311328,0.49865544557293306,-0.9509621858596802
2015.11.19,1070.11,40.8153605198022,0.6278426375881592,-0.9892945885658264
2015.11.20,1081.68,41.390764597570524,0.7805068221374204,-0.2007601112127304
2015.11.21,1076.85,41.39299485064112,0.9695324650457653,-0.23938976228237152
2015.11.23,1076.76,45.79300997382961,1.1996025367788792,-0.48917946219444275
2015.11.24,1067.51,43.03194764978252,1.4806205353529682,-0.35393425822257996
2015.11.25,1075.12,45.29540168470703,1.8434077284994528,-0.5126503109931946
2015.11.26,1070.55,44.795713148778304,2.480932922902667,-0.5906357169151306
2015.11.27,1071.33,52.48630353040062,3.568930381409939,-0.5345320105552673
2015.11.30,1056.89,47.39828946418129,4.751928447195164,-0.6099408268928528
2015.12.01,1065.17,45.57293977565132,6.10425735335772,-0.5780909657478333
2015.12.02,1068.3,52.87105440325104,8.064346882022836,-0.5140352249145508
2015.12.03,1054.04,44.551079891389236,8.367026771934094,-0.7349607348442078
2015.12.04,1065.21,25.429660103982314,6.920646620088499,-0.9548701643943787
2015.12.05,1085.12,24.671841881936416,5.990995537322515,-0.9961720108985901
2015.12.07,1085.86,37.91759457415901,6.025399006462697,-0.9966900944709778
2015.12.08,1072.57,37.24702887958847,5.931335957423431,-0.9990689754486084
2015.12.09,1073.24,36.187376253074035,5.798758306461473,-0.9994789361953735
2015.12.10,1074.3,38.2270663601812,5.735576774577789,-0.9999679923057556
2015.12.11,1072.26,32.657176457112655,5.568752504948946,-0.9999791979789734
2015.12.12,1077.83,37.19716431922279,5.50437710111138,-0.9999995827674866
2015.12.14,1073.29,45.15707232779823,5.627411488921952,-0.9999890923500061
2015.12.15,1065.33,48.95781894749962,5.7565219028264405,-0.9978517889976501
2015.12.16,1061.52,36.27674453682266,5.667489351889672,-1.0
2015.12.17,1074.2,59.6867112738546,5.10129847880085,-0.9999986290931702
2015.12.18,1050.79,44.286724768346176,5.109066403485013,-0.9999991059303284
2015.12.19,1066.19,44.73671602434479,5.1148786425179935,-0.9999903440475464
2015.12.21,1065.74,30.40671520656906,4.842541242202864,-0.9999997615814209
2015.12.22,1080.07,37.176715068286285,4.79859687982173,-1.0
2015.12.23,1073.3,41.616715125506744,4.802517976256378,-1.0
2015.12.24,1068.86,35.47678595012985,4.893581979260613,-0.9825661182403564
2015.12.28,1075.1,42.76806341833435,4.946116833388776,-0.9999991655349731
2015.12.29,1067.8,41.35806303448044,4.97530892079564,-1.0
2015.12.30,1069.21,48.223322950070724,5.137276236329404,-0.8350635170936584
2015.12.31,1060.89,47.1706156951841,5.08929086248902,-0.5249384045600891
2016.01.04,1062.6,34.45308732218109,5.525878149730242,-0.9999998807907104
2016.01.05,1075.08,30.923091493314132,5.980930902499819,-0.9999986290931702
2016.01.06,1078.61,17.71308796829544,4.792135527976939,-0.8693573474884033
2016.01.07,1093.73,1.7548522574361414,3.324464873218792,-0.996529757976532
2016.01.08,1109.68,8.93311520642601,2.841838568596484,-0.9999997019767761
2016.01.09,1102.5,7.644792161649093,2.4778251276657675,-0.9978775382041931
2016.01.11,1103.79,15.183729104464874,2.3243955381962595,-0.9999997615814209
2016.01.12,1096.25,21.74372711009346,2.2441676544124562,-0.9999997019767761
2016.01.13,1089.69,17.853730492061004,2.142945829172309,-0.9999990463256836
2016.01.14,1093.58,31.369422070449218,2.151701550451902,-0.7909532785415649
2016.01.15,1076.36,19.174900524085388,2.0726077521625794,-0.9999998807907104
2016.01.16,1088.45,18.47490059561096,2.116553016293808,-0.9999998807907104
2016.01.18,1089.15,18.68489997810684,2.0711258723868906,-0.9999990463256836
2016.01.19,1088.94,20.104899130528793,2.0540940106188104,-0.9999997019767761
2016.01.20,1087.52,4.304901741212234,1.8522643352190327,-0.9999998211860657
2016.01.21,1103.32,7.0749009472783655,1.7195152669639555,-0.9999997019767761
2016.01.22,1100.55,11.024843118852004,1.6539281496961349,-0.9999869465827942
2016.01.23,1096.6,10.384837440913543,1.5779005072149883,-0.9999992847442627
2016.01.25,1097.24,2.414839826291427,1.471090988319023,-0.9999997019767761
2016.01.26,1105.21,-14.385150023037568,1.2008978910211057,-0.9999994039535522
2016.01.27,1122.01,-19.905149765545502,0.9632917700519087,-0.9999998807907104
2016.01.28,1127.53,-7.93517229729332,0.8625836789997298,-0.999998152256012
2016.01.29,1115.56,-8.625172890955582,0.7355718423828039,-0.9999997019767761
2016.01.30,1116.25,-9.865171350771561,0.6065709938348404,-0.9999980330467224
2016.02.01,1117.49,-20.835122384363785,0.43440935272945086,-0.9999954104423523
2016.02.02,1128.46,-20.015125312143937,0.3399665955646251,-0.9999980330467224
2016.02.03,1127.64,-30.545124031836167,0.1986777236976233,-0.9999998211860657
2016.02.04,1138.17,-48.23512078099884,0.039903859875564475,-0.9999997615814209
2016.02.05,1155.86,-54.67511675530113,-0.10493780359909163,-0.9999993443489075
2016.02.06,1162.3,-65.71511406474747,-0.2483324211151411,-0.9999997615814209
2016.02.08,1173.34,-87.46509904437698,-0.3704908394205823,-0.9999992847442627
2016.02.09,1195.09,-82.84511411958374,-0.50915853004816,-0.9999970197677612
2016.02.10,1190.47,-85.94506854587235,-0.6174101392186654,-0.9999830722808838
2016.02.11,1193.57,-96.32008398347534,-0.7225487389690266,-0.19608864188194275
2016.02.12,1244.43,-90.29206974082626,-0.8369155671489774,-0.9999949932098389
2016.02.13,1238.0,-87.78231398039497,-0.9677568650724064,-0.9999180436134338
2016.02.15,1235.49,-61.42240861826576,-1.0686890906286777,-0.9999979138374329
2016.02.16,1209.13,-55.94241178804077,-1.1885345458386074,-0.9999995231628418
2016.02.17,1203.65,-60.502410389715806,-1.348488988195567,-0.9999997019767761
2016.02.18,1208.21,-86.15241015725769,-1.5376844785662047,-1.0
2016.02.19,1233.86,-84.24241138272919,-1.7312210346436125,-0.9999995231628418
2016.02.20,1231.95,-77.61241240077652,-1.875623581830693,-0.9999998807907104
2016.02.22,1225.32,-59.97241882258095,-2.0077664241528175,-0.9999997019767761
2016.02.23,1207.68,-75.14241609745659,-2.268661438355241,-0.9999998211860657
2016.02.24,1222.85,-81.7719787734095,-2.612624824097851,-0.9999286532402039
2016.02.25,1229.48,-90.55200613313355,-3.0774393303354763,-0.9999991655349731
2016.02.26,1238.26,-77.70225796871819,-3.6014666037808674,-0.9999811053276062
2016.02.27,1225.41,-74.77228651219048,-4.5143142059629655,-0.9999920725822449
2016.02.29,1222.48,-91.12194827967323,-5.56199475968129,-0.9999788403511047
2016.03.01,1238.83,-88.87216378026642,-6.24755699857435,-0.5555099248886108
2016.03.02,1234.38,-94.45424736314453,-6.743505599186502,-0.9999724626541138
2016.03.03,1239.74,-91.16876471810974,-6.95594809867815,0.18917885422706604
2016.03.04,1260.25,-91.26237081573345,-6.898490625136811,0.019666532054543495
2016.03.05,1259.8,-91.38830937282182,-6.82239438893633,-0.4300196170806885
2016.03.07,1259.57,-86.34807421104051,-6.819929773050416,0.6860633492469788
2016.03.08,1267.73,-88.36601476208307,-6.985578869450533,0.42836546897888184
2016.03.09,1263.32,-95.77791549102403,-6.860648229090167,0.7520791888237
2016.03.10,1253.68,-110.87841261760332,-6.195318360126144,-0.9996237754821777
2016.03.11,1267.91,-120.14936281577684,-5.817674462783451,0.9155676960945129
2016.03.12,1258.83,-111.44461734429933,-6.194237413259851,-0.9959271550178528
2016.03.14,1249.13,-96.22279541031457,-6.902319313131484,-0.9429985284805298
2016.03.15,1232.96,-96.67344675795175,-6.903130385383507,-0.9605735540390015
2016.03.16,1233.42,-122.82099900976755,-6.254851257460379,-0.9609469175338745
2016.03.17,1260.63,-126.34616623655893,-5.866733512794965,0.6888447403907776
2016.03.18,1256.71,-125.83577073947527,-6.229844988498412,-0.29274582862854004
2016.03.19,1253.29,-126.30298320786096,-6.214986496074095,-0.5957139730453491
2016.03.21,1253.82,-117.16749729053117,-6.3333904664154685,-0.9669178128242493
2016.03.22,1244.18,-120.83289353386499,-6.274957790481093,-0.9196350574493408
2016.03.23,1248.14,-94.2631043328438,-6.640120376064637,-0.9365126490592957
2016.03.24,1219.76,-94.08132280246355,-7.2127775673589145,-0.20001164078712463
2016.03.25,1217.01,-93.27796506718732,-7.259497888762874,-0.33978354930877686
2016.03.28,1214.44,-97.34587597684003,-7.440767176082399,-0.6981552839279175
2016.03.29,1220.01,-117.85469153360464,-7.459400739178512,-0.9266056418418884
2016.03.30,1242.02,-106.94029822782613,-7.694334034524836,-0.797315776348114
2016.03.31,1228.25,-108.6142397208605,-7.967748787157174,-0.6190697550773621
2016.04.01,1230.81,-105.72014382318594,-8.276938023041048,-0.4014574885368347
2016.04.02,1223.33,-103.30632960633375,-8.880484899911291,-0.7820090055465698
2016.04.04,1220.0,-99.61909288004972,-9.403169394056354,-0.729560136795044
2016.04.05,1214.91,-107.06162705854513,-9.733400240095463,-0.4743803143501282
2016.04.06,1230.33,-104.00657166377641,-9.666845012047162,-0.4343331754207611
2016.04.07,1223.25,-106.81400585011579,-9.845277758600783,-0.15482771396636963
2016.04.08,1240.48,-107.69179141358472,-9.848610696835307,0.5163688659667969
2016.04.09,1239.43,-107.59114482835867,-10.182527974244618,0.5126157402992249
2016.04.11,1239.63,-95.93923061923124,-10.14283025769364,0.7230714559555054
2016.04.12,1255.89,-95.77612659172155,-10.171074669001529,0.9019623398780823
2016.04.13,1256.17,-107.22366323904134,-10.965002827994947,0.8692929148674011
2016.04.14,1243.02,-118.14588633016683,-11.623809450843188,0.6069199442863464
2016.04.15,1225.24,-113.18423342541791,-12.910195511471715,0.5760517120361328
2016.04.16,1233.88,-112.84177791909315,-13.26348556034035,0.5343062281608582
2016.04.18,1234.56,-113.48920543328859,-14.146439724028433,0.16605868935585022
2016.04.19,1231.77,-94.90028716460802,-14.228813095422813,0.9817447662353516
2016.04.20,1251.12,-101.12259678379633,-14.957138975635441,0.9886866211891174
2016.04.21,1244.83,-96.28173614875413,-15.43650990122926,0.999199390411377
2016.04.22,1249.68,-113.73031075135805,-15.634334085783898,0.999341607093811
2016.04.25,1232.22,-109.06667332188226,-16.67833730942314,0.9579421877861023
2016.04.26,1237.11,-104.03132219449617,-16.64032648020236,0.9926753044128418
2016.04.27,1242.2,-101.19724763766862,-16.496583513956715,0.938144326210022
2016.04.28,1245.25,-78.63256598846056,-12.28799375273477,0.9789813756942749
2016.04.29,1268.32,-69.96597178117372,-9.267149756639853,0.3663899600505829
2016.04.30,1292.81,-72.40414060489275,-7.9596480264191785,0.9230154752731323
2016.05.02,1290.47,-73.14502636925317,-7.155122643573194,0.8730563521385193
2016.05.03,1289.65,-75.6733312739525,-6.661544730020177,0.9179049730300903
2016.05.04,1286.92,-83.36489714519121,-6.4965485404249455,0.9879416227340698
2016.05.05,1279.17,-85.21730287210084,-6.412441193369218,0.9843730926513672
2016.05.06,1277.29,-73.70102049247362,-6.102694922318807,0.9869378805160522
2016.05.07,1288.96,-78.36854733363725,-5.908786939445796,0.9617644548416138
2016.05.09,1284.12,-98.61461154953577,-5.907964631501782,0.9416475892066956
2016.05.10,1262.63,-99.16769044683315,-5.963491605573025,-0.020259881392121315
2016.05.11,1266.19,-92.13865127251484,-6.250868355063969,0.6416744589805603
2016.05.12,1277.66,-96.8130904941354,-6.483803140491141,0.4964197874069214
2016.05.13,1268.39,-92.36433365033008,-6.774456530275676,0.8956390023231506
2016.05.14,1273.58,-94.23055892274715,-7.185866422833105,0.870187520980835
2016.05.16,1271.45,-92.03677373216487,-7.195416036931395,0.7576019763946533
2016.05.17,1274.42,-87.43787552998401,-7.2779372347179585,0.9791409373283386
2016.05.18,1279.23,-109.1087424068246,-6.9840368996954165,0.9805502891540527
2016.05.19,1257.13,-111.63647942827083,-7.069240828416879,0.8975603580474854
2016.05.20,1254.36,-112.7021475492511,-6.935887035365308,0.42252597212791443
2016.05.21,1252.4,-114.60440345690586,-6.62378766160916,0.7630032300949097
2016.05.23,1250.13,-115.31657846854068,-6.305407865602529,0.8478113412857056
2016.05.24,1249.34,-136.64166980073787,-5.521204160789969,0.9885907769203186
2016.05.25,1227.84,-135.68237333581783,-5.301545251004565,-0.4673928916454315
2016.05.26,1224.23,-133.38477638945915,-5.253139256964659,-0.5374740958213806
2016.05.27,1219.89,-128.97021698043682,-5.380057581194534,-0.4529300034046173
2016.05.28,1210.05,-131.01534006581642,-5.514779297620624,-0.8290467262268066
2016.05.30,1212.29,-125.62787831411697,-5.649979699258665,-0.7829939723014832
2016.05.31,1205.38,-132.83135408745147,-5.717568818650306,-0.7568865418434143
2016.06.01,1214.88,-132.140353894094,-6.191451465424274,-0.4774301052093506
2016.06.02,1213.14,-132.38378475164063,-6.707618921694972,0.0015985802747309208
2016.06.03,1210.69,-99.6531061634887,-6.726670940210541,0.9999963641166687
2016.06.04,1243.92,-100.4834139153827,-6.750095376835096,0.43461787700653076
2016.06.06,1242.66,-100.07728270743974,-6.931583833767744,0.2127782106399536
2016.06.07,1245.09,-100.35244760964997,-7.007217433873598,0.2058241367340088
2016.06.08,1243.77,-98.24333813716657,-7.163453645002294,0.11784877628087997
2016.06.09,1262.04,-95.49164931406267,-7.199138167351189,0.40553683042526245
2016.06.10,1269.18,-93.63724037935026,-7.249483959834295,0.35839328169822693
2016.06.11,1274.42,-93.61434790422209,-7.474791046918611,0.24645014107227325
2016.06.13,1274.74,-95.18786755134352,-7.194175365456648,-0.14982381463050842
2016.06.14,1283.92,-94.94416735996492,-6.9248975712623215,0.3425936698913574
2016.06.15,1285.35,-91.32898172666319,-6.603130474454856,0.39630481600761414
2016.06.16,1294.54,-96.29102112282999,-6.428438569950909,0.3835657835006714
2016.06.17,1281.62,-91.87017032434233,-6.198773837409542,0.27037712931632996
2016.06.18,1298.18,-96.12367083062418,-6.333564799090085,0.43452364206314087
2016.06.20,1288.58,-95.47809138824232,-6.5339694989185615,0.43705877661705017
2016.06.21,1290.06,-111.89830960263498,-6.883382476769276,0.6607921719551086
2016.06.22,1265.38,-111.74571563233621,-7.183273190486279,0.5138192176818848
2016.06.23,1265.82,-112.40452594985254,-7.642731213236027,0.051724668592214584
2016.06.24,1257.55,-52.14533372153528,-6.037916997674352,0.9983975887298584
2016.06.25,1318.38,-51.65014062752016,-5.335835355319245,0.5883975625038147
2016.06.27,1319.57,-47.11220534075983,-4.80056991415807,0.6779131889343262
2016.06.28,1326.33,-53.25033117760904,-4.655293716232356,0.4254709482192993
2016.06.29,1312.2,-56.653455092804506,-4.313568193498716,-0.5577602386474609
2016.06.30,1317.42,-60.71893824567087,-4.108192407503382,-0.6153489351272583
2016.07.01,1323.98,-43.63234598864801,-3.7112325486380078,0.8776118755340576
2016.07.02,1344.3,-46.39506827224977,-3.452955529297653,0.9226306080818176
2016.07.04,1341.33,-40.9982190572191,-3.1901410731615245,0.8204712271690369
2016.07.05,1347.97,-34.30868937005289,-2.916107127674195,0.923425555229187
2016.07.06,1355.27,-26.455820217030123,-2.633487438264538,0.9238945245742798
2016.07.07,1363.77,-30.916685506002977,-2.447983072207084,0.9067841172218323
2016.07.08,1358.86,-23.35274054040201,-2.253052578140996,0.9986732006072998
2016.07.09,1366.48,-22.703565164702013,-2.0933254579843426,0.998925507068634
2016.07.11,1367.13,-35.52917553414591,-2.016289404290309,0.9988774061203003
2016.07.12,1354.29,-57.949057712452486,-2.0253955593683957,0.9995342493057251
2016.07.13,1331.86,-46.07076583732851,-2.007546507508705,0.9998703598976135
2016.07.14,1343.74,-56.20284070004709,-2.036711049478811,0.9991846084594727
2016.07.15,1333.6,-61.182587816612795,-2.0868137987443345,0.9998794794082642
2016.07.16,1328.62,-58.27368690003641,-2.283225962573522,0.9996600151062012
2016.07.18,1331.53,-59.29377569188364,-2.66669062196579,0.9999465942382812
2016.07.19,1330.51,-57.7038468264509,-3.7762577774208133,0.9999592304229736
2016.07.20,1332.1,-76.19535471429117,-3.4605203688975656,0.9995293617248535
2016.07.21,1313.6,-56.655630006687716,-3.4503029277230475,0.9999978542327881
2016.07.22,1333.14,-66.40562207926996,-3.384278744979085,0.9999991655349731
2016.07.23,1323.39,-67.81560476054437,-3.3103572819585723,0.9999815225601196
2016.07.25,1321.98,-75.49560774792917,-3.1741274881740953,0.9999992847442627
2016.07.26,1314.3,-69.9759230457712,-3.1231665030687807,0.9999476075172424
2016.07.27,1319.82,-48.86772234668024,-3.150675208882204,0.9994529485702515
2016.07.28,1340.94,-52.927172406809404,-3.1739207324882184,0.9971213936805725
2016.07.29,1336.87,-38.62861518491991,-3.1525209740118285,0.9999997019767761
2016.07.30,1351.17,-41.351385488407686,-3.2253983380132367,0.97064208984375
2016.08.01,1348.38,-37.067840471165255,-3.385991768559923,0.8847618103027344
2016.08.02,1353.27,-26.276182576315477,-3.3041193052443383,0.9754267334938049
2016.08.03,1364.38,-32.68895159591921,-3.478401649306153,0.9871935248374939
2016.08.04,1357.89,-30.339875563280657,-3.6500393120657826,0.9668955206871033
2016.08.05,1360.33,-54.260707213776186,-3.8372474356266197,0.9977220296859741
2016.08.06,1336.37,-55.6018397056032,-3.8371615187509005,0.9999964833259583
2016.08.08,1335.03,-55.54184141312726,-3.890639491884289,0.9999998807907104
2016.08.09,1335.09,-50.251841510878876,-3.869799434138145,1.0
2016.08.10,1340.38,-44.08184143458493,-3.8088783078915243,1.0
2016.08.11,1346.55,-52.79184057866223,-3.8064280189903297,0.9999998807907104
2016.08.12,1337.84,-55.89183982764371,-3.8120403568973322,0.9999997615814209
2016.08.13,1334.74,-52.5718400136102,-3.8098697676909845,1.0
2016.08.15,1338.06,-51.16184100066312,-4.045389571251564,0.9999995231628418
2016.08.16,1339.47,-44.561852152692154,-4.003348148945007,0.9999983906745911
2016.08.17,1346.07,-44.14185294066556,-4.0713477135367,0.9999996423721313
2016.08.18,1346.49,-37.98186838184483,-4.13079257151512,0.9999976754188538
2016.08.19,1352.65,-49.83185800467618,-4.710459129296296,0.9999990463256836
2016.08.20,1340.8,-50.58185767685063,-5.344529474095931,0.9999993443489075
2016.08.22,1340.05,-52.10500710760243,-5.31271010119463,0.9744283556938171
2016.08.23,1338.5,-52.17779079382308,-5.324882200651363,0.9999961853027344
2016.08.24,1338.44,-66.56696626846679,-4.980766678458369,0.9999407529830933
2016.08.25,1324.05,-68.34699508850463,-4.678354660795804,0.9999996423721313
2016.08.26,1322.27,-69.86697170441039,-4.556044300014561,0.9999772310256958
2016.08.27,1320.75,-70.24452384118922,-4.961065707670887,0.6802026629447937
2016.08.29,1320.43,-68.1271680474747,-5.296607169704865,0.8383276462554932
2016.08.30,1323.05,-70.52835868601687,-5.9152201825285085,0.16811084747314453
2016.08.31,1310.76,-73.31723366980441,-5.580623704831824,0.9358079433441162
2016.09.01,1308.19,-69.82750399713404,-5.434165738725439,0.7261713147163391
2016.09.02,1313.14,-57.68261947040446,-5.4448120055977505,0.9617795348167419
2016.09.03,1325.89,-59.532023686217144,-5.5335418278446795,0.8661484122276306
2016.09.05,1323.81,-60.501838374184445,-5.830234735377983,-0.222713902592659
2016.09.06,1325.72,-52.479665148304775,-5.824266853401881,0.3626183867454529
2016.09.07,1348.65,-56.44064401392825,-5.829602182714142,0.9103929400444031
2016.09.08,1344.6,-57.746737766312435,-5.896272550678938,0.12718942761421204
2016.09.09,1337.41,-64.86287449602969,-5.984040883977745,0.7621795535087585
2016.09.10,1328.49,-65.72440685634501,-6.359347039215502,0.8511110544204712
2016.09.12,1327.53,-66.0445776314009,-6.890649285031139,-0.19883911311626434
2016.09.13,1326.5,-73.3239671618212,-8.166089346812829,0.7881416082382202
2016.09.14,1317.89,-70.407524618553,-8.698334441867313,0.6581537127494812
2016.09.15,1322.42,-74.71540606324561,-9.110337605084785,0.5068540573120117
2016.09.16,1314.07,-76.48517290060408,-9.441255776646624,0.5054466128349304
2016.09.17,1310.57,-77.3249462575186,-9.965039727272075,0.6464477181434631
2016.09.19,1309.38,-76.03242008690722,-9.643650750801685,0.3680523931980133
2016.09.20,1313.27,-75.35175875131972,-9.41953086774542,0.6131298542022705
2016.09.21,1314.58,-62.56626910273917,-9.302231631326032,0.6637726426124573
2016.09.22,1333.88,-59.929214391158894,-9.08235055755607,0.8382430076599121
2016.09.23,1337.13,-59.521886351751164,-8.854609518510244,0.7652310729026794
2016.09.24,1337.71,-61.01578003470786,-8.770576288632942,0.7659221291542053
2016.09.26,1335.76,-60.39615366165526,-8.803207015186588,0.5419391393661499
2016.09.27,1337.11,-68.61740905349143,-8.830142501824326,0.812653124332428
2016.09.28,1327.16,-71.6599553853739,-9.016211508812852,0.6811937689781189
2016.09.29,1322.79,-72.50575942103751,-9.11858642665031,0.6014370322227478
2016.09.30,1321.45,-72.50097862188704,-9.221829631799235,-0.08778715878725052
2016.10.01,1317.47,-72.27744019334204,-10.289650109285322,0.7227892279624939
2016.10.03,1318.34,-74.40823884611018,-11.042701128477775,0.383818656206131
2016.10.04,1313.23,-74.76138079469092,-11.880694536980053,0.0036486221943050623
2016.10.05,1268.54,-74.49347196076997,-11.971649463179242,-0.15591511130332947
2016.10.06,1266.31,-86.04143891786225,-10.66839889454294,0.888459324836731
2016.10.07,1253.9,-85.56755269621499,-9.951849930350415,0.5885358452796936
2016.10.08,1254.96,-84.18171141599305,-9.439393157327977,0.7375495433807373
2016.10.10,1256.94,-82.4700870916713,-9.185651454411751,0.6754542589187622
2016.10.11,1259.52,-83.68700025533326,-8.889910960161501,0.15643879771232605
2016.10.12,1253.4,-83.54575517703779,-8.663095412259826,0.10352098196744919
2016.10.13,1255.02,-81.31774058868177,-8.563682451477797,0.8534330129623413
2016.10.14,1258.07,-82.87827220489271,-8.40691010008451,0.17497146129608154
2016.10.15,1251.09,-83.15387128223665,-8.260662103475479,-0.2726280391216278
2016.10.17,1251.28,-80.69018737901933,-8.638699651751525,0.9999992251396179
2016.10.18,1254.38,-72.81023709406145,-9.396726598956937,0.9999939799308777
2016.10.19,1262.26,-65.78025628556497,-10.034259484055621,0.9999974966049194
2016.10.20,1269.29,-69.12019799579866,-10.897339926078343,0.9999799132347107
2016.10.21,1265.95,-68.27020890940912,-12.084992716876293,0.9999973773956299
2016.10.22,1266.8,-69.41019244422205,-12.176197104391962,0.999976396560669
2016.10.24,1265.66,-70.11970995296724,-12.039709538373913,0.23025201261043549
2016.10.25,1264.25,-63.604256137507036,-11.07129372304205,0.7356698513031006
2016.10.26,1273.45,-67.5601047121454,-10.726219270620085,0.5486259460449219
2016.10.27,1266.41,-64.14947380055673,-10.112874550296313,0.9893746972084045
2016.10.28,1270.08,-59.27700810064562,-9.10538645757347,0.6889798641204834
2016.10.29,1277.37,-58.92249901522882,-8.34547964392978,0.6185832023620605
2016.10.31,1278.0,-58.96084736590274,-7.775545641947195,0.8084650039672852
2016.11.01,1278.07,-49.9666426659096,-7.004167784795008,0.9999967813491821
2016.11.02,1287.16,-40.776875782059506,-5.9628217536950565,0.9999758005142212
2016.11.03,1296.35,-34.19689809088595,-5.022145173252193,0.9999983310699463
2016.11.04,1302.93,-33.02690629963763,-4.397089862916233,0.9999946355819702
2016.11.05,1304.1,-46.65670620207675,-4.300554815888191,0.9999849796295166
2016.11.07,1290.47,-50.09073169832118,-4.311236640166962,0.30594712495803833
2016.11.08,1280.38,-48.64563523535617,-4.314639103612526,-0.6829359531402588
2016.11.09,1277.54,-46.649539831327274,-4.374137839055873,-0.40938064455986023
2016.11.10,1272.33,-35.93269573454745,-4.288629030703149,-0.826427161693573
2016.11.11,1259.11,-9.489406544016674,-3.446319037186618,-0.7086148262023926
2016.11.12,1221.71,-13.639613705920056,-2.984246472679169,-0.683945894241333
2016.11.14,1227.76,-6.209615963744,-2.523720997655419,-0.7130810022354126
2016.11.15,1217.32,-11.03190119867213,-2.2744703180619266,-0.8004367351531982
2016.11.16,1223.29,-12.641842889832333,-2.0965798584736124,-0.7560771107673645
2016.11.17,1225.39,-4.562575864838436,-1.8920874974942539,-0.7524293065071106
2016.11.18,1214.65,-0.45165773038752377,-1.703227162871917,-0.7466111183166504
2016.11.19,1209.14,0.4343035041820258,-1.5318649822007813,-0.7195810079574585
2016.11.21,1207.89,-2.246135014342144,-1.417477173727653,-0.6500414609909058
2016.11.22,1211.96,-1.2145652056206018,-1.3100745232463307,-0.6793741583824158
2016.11.23,1210.42,12.710488688899204,-1.1320358151722707,-0.5951080918312073
2016.11.24,1186.95,13.868043553782627,-0.9767926981994931,-0.5087793469429016
2016.11.25,1184.59,13.968070325208828,-0.8415491713582516,-0.5322858691215515
2016.11.28,1184.38,21.18013244564645,-0.6830359635530677,0.9997600317001343
2016.11.29,1192.36,17.39159691031091,-0.5579840147327603,0.9995913505554199
2016.11.30,1188.57,2.4827963083516806,-0.49074919220024654,0.9999089241027832
2016.12.01,1173.66,0.8235092132817954,-0.42965582664357277,0.9994246959686279
2016.12.02,1172.0,3.3027143150102347,-0.34876904983275925,0.9997437596321106
2016.12.03,1174.48,11.674272891832516,-0.2335370733049329,0.9990350008010864
2016.12.05,1182.86,-0.49405518476851285,-0.13499300105720427,0.9998299479484558
2016.12.06,1170.69,-2.8041039139498025,-0.01057453833265047,0.9999871253967285
2016.12.07,1168.38,2.6257081299554557,0.16860491993492,0.9999672770500183
2016.12.08,1173.81,-0.8440170020330697,0.21596913625584643,0.9999129176139832
2016.12.09,1170.34,-11.844059529947117,0.22790379586255188,0.9999998807907104
2016.12.10,1159.34,-11.894061132567003,0.19340925586561267,0.9999963045120239
2016.12.12,1159.29,-12.558526261942461,0.18419174158887947,-0.04938948154449463
2016.12.13,1162.12,-11.084645777242258,0.19360645149018293,-0.32565972208976746
2016.12.14,1157.17,-6.967037036316469,0.1804593072024011,-0.5485129952430725
2016.12.15,1149.46,-25.725874855415896,0.05205445687818075,0.9997069239616394
2016.12.16,1131.47,-22.85642985929735,-0.03919199374674879,0.9998277425765991
2016.12.17,1134.34,-22.92079047416337,-0.10859302635415273,0.9267090559005737
2016.12.19,1134.31,-18.311374972807243,-0.16234574214557998,0.9664477705955505
2016.12.20,1139.1,-25.835943560348824,-0.2826554408445556,0.9085606336593628
2016.12.21,1130.85,-26.70198358152993,-0.4087868625584961,-0.47328704595565796
2016.12.22,1131.22,-26.010912607656792,-0.5404004581409627,-0.29081958532333374
2016.12.23,1128.53,-30.374209146248177,-0.7446374004606041,-0.9717040061950684
2016.12.24,1132.67,-30.623199503170326,-0.9614491806756268,0.9110062718391418
2016.12.27,1133.43,-25.16999764298089,-1.0731288039497142,0.9007172584533691
2016.12.28,1139.49,-23.050186346517876,-1.1835886140055618,0.9485526084899902
2016.12.29,1141.75,-10.386460255132988,-1.296604550765031,0.9239101409912109
2016.12.30,1155.47,-10.93938637082465,-1.5909498398765216,0.029536057263612747
2016.12.31,1151.89,-11.081968951271847,-1.726201899025425,-0.4564805328845978
2017.01.03,1151.67,-12.007940995739773,-1.8501303506257776,-0.10215692222118378
2017.01.04,1159.0,-10.158031064318493,-2.1205701527337553,0.6015785932540894
2017.01.05,1162.66,-1.9301196665037423,-2.151694547597756,0.4577939212322235
2017.01.06,1180.79,-6.443645316408947,-2.0597173380013087,0.5177317261695862
2017.01.07,1172.13,-6.569948676275089,-1.9778279270864885,0.11139706522226334
2017.01.09,1172.82,-3.546926486538723,-1.8434066453935116,0.2712361812591553
2017.01.10,1184.26,-2.296275603817776,-1.719326610538226,0.6059961318969727
2017.01.11,1186.6,-0.37665039603598416,-1.621899905230183,0.38993391394615173
2017.01.12,1191.8,0.48637503827922046,-1.4522157407676908,0.21460293233394623
2017.01.13,1196.23,1.1638968631159514,-1.2993511343878168,0.5279817581176758
2017.01.14,1197.81,1.6663794114720076,-1.1643335316991095,0.316724568605423
2017.01.16,1199.73,1.4615076899062842,-1.051823860935674,-0.014051188714802265
2017.01.17,1202.54,4.044157487107441,-0.9284821802145582,0.2027936726808548
2017.01.18,1215.81,1.8409972086083144,-0.8361441355133348,0.3561912178993225
2017.01.19,1209.84,1.8937902941834182,-0.7489817344948022,-0.05966116487979889
2017.01.20,1205.47,2.7521452277433127,-0.670262720337399,0.13336119055747986
2017.01.21,1212.63,3.5521815984975547,-0.5952473627786762,-0.43335849046707153
2017.01.23,1210.13,2.4467327266465873,-0.5175747442570544,-0.1630769968032837
2017.01.24,1216.08,9.494127181125805,-0.3478504376045548,-0.8433239459991455
2017.01.25,1207.32,10.037381973816082,-0.18295628163425168,-0.10093270987272263
2017.01.26,1198.26,12.758555036736652,-0.005824408710193391,-0.31643447279930115
2017.01.27,1189.32,11.731850725365803,0.15819876933624347,-0.4856235682964325
2017.01.28,1191.26,10.923517462564632,0.3420247593850813,-0.4833517074584961
2017.01.30,1192.93,10.133139637066051,0.5323330117451394,-0.3171687722206116
2017.01.31,1195.16,5.078516137553379,0.5991499246298742,-0.286150723695755
2017.02.01,1212.77,3.432562959147617,0.73867849947742,0.3369681239128113
2017.02.02,1208.81,5.597999390913174,0.9451691436739071,0.30271342396736145
2017.02.03,1216.02,5.679535013390705,1.1188852480181586,0.6347370743751526
2017.02.04,1216.41,7.625086960149929,1.3038007763464992,0.4665815532207489
2017.02.06,1220.76,13.852692377520725,1.3964444388961135,0.49911028146743774
2017.02.07,1233.27,13.571716082049534,1.4925508702951777,0.6890018582344055
2017.02.08,1233.0,18.349134397460148,1.4965101683976725,0.7375902533531189
2017.02.09,1239.51,11.551452022744343,1.6154311893977156,0.8613554239273071
2017.02.10,1231.69,9.393806201172993,1.7609364624905477,-0.9982474446296692
2017.02.11,1232.92,10.648093831492588,1.8485950947852305,-0.9962564706802368
2017.02.13,1231.66,16.32960079307668,1.9655958465158245,-0.9935105443000793
2017.02.14,1225.94,12.686164540005848,2.173578942364715,-0.9864203333854675
2017.02.15,1229.63,10.95482621784322,2.3944547266822935,-0.9749041199684143
2017.02.16,1231.4,2.5745661973487586,2.34227664377052,-0.9263858795166016
2017.02.17,1240.42,-3.0572870254982263,2.0123337270994894,0.9770624041557312
2017.02.18,1235.63,-4.097561697708443,1.6137392144911102,-0.9512818455696106
2017.02.20,1235.71,-5.597319434629753,1.3045201401803903,-0.906298041343689
2017.02.21,1237.34,-5.253844450460747,1.0866552688369853,-0.6035030484199524
2017.02.22,1236.52,-6.1770137653220445,0.9020923462525001,-0.8812380433082581
2017.02.23,1237.41,-17.677874217974022,0.5990851477605649,-0.9530311226844788
2017.02.24,1249.44,-10.178714405046776,0.4675361324746964,0.9586148262023926
2017.02.25,1258.26,-11.697106073843315,0.3625485538300906,0.9114774465560913
2017.02.27,1256.62,-13.14932696078904,0.2695912325639884,0.9539797902107239
2017.02.28,1255.12,-17.18492482160218,0.15865438880799485,0.8963748812675476
2017.03.01,1250.65,-19.345168660627678,0.05347366437684988,0.6460590362548828
2017.03.02,1247.5,-22.066042910562828,-0.05535230688282773,0.17164242267608643
2017.03.03,1233.03,-22.923026154981926,-0.18064719713690117,-0.43568477034568787
2017.03.04,1234.3,-22.692266705678776,-0.30192792684028297,-0.23364679515361786
2017.03.06,1232.88,-22.196538659976795,-0.4545559283307448,-0.09992682188749313
2017.03.07,1227.25,-31.838275048183277,-0.5849576412156371,0.7338770627975464
2017.03.08,1214.68,-31.506534817861393,-0.7071083403026824,-0.14200787246227264
2017.03.09,1209.26,-28.038680377649143,-0.8503864682571491,-0.5505430102348328
2017.03.10,1202.59,-27.78318491880782,-1.0829461828284581,-0.6592018008232117
2017.03.11,1202.12,-29.37593874637969,-1.3416254555504366,-0.4839666485786438
2017.03.13,1205.23,-29.607078777858987,-1.6753579254670514,-0.00959582906216383
2017.03.14,1204.6,-31.113442721078172,-1.9313424211259216,0.2313661128282547
2017.03.15,1198.61,-33.25269445986487,-2.112561073635513,-0.0911928191781044
2017.03.16,1220.3,-32.27037976891734,-2.333596315572102,0.18689292669296265
2017.03.17,1226.3,-31.56492150039412,-2.589438428440205,0.340006560087204
2017.03.18,1228.6,-31.29907193989493,-2.960293167642372,0.3833850920200348
2017.03.20,1229.35,-30.485195311019197,-3.4751942084429914,0.17766240239143372
2017.03.21,1234.51,-28.41485914797522,-3.6154729057504245,0.20770493149757385
2017.03.22,1244.55,-27.477145390817896,-4.224399042934443,0.30322229862213135
2017.03.23,1247.8,-28.955568032572046,-5.0393583782695215,0.7874559164047241
2017.03.24,1246.23,-28.001892345258966,-6.248189470877902,0.6325838565826416
2017.03.25,1247.86,-27.761411803076044,-7.413632830998847,0.8423487544059753
2017.03.27,1248.27,-22.459339248249307,-8.049291764186506,0.7829339504241943
2017.03.28,1255.08,-27.46387534053065,-8.771362597969807,0.8005939722061157
2017.03.29,1248.84,-25.130135433981195,-9.20538415799638,0.5371388792991638
2017.03.30,1253.43,-32.04223711998202,-9.989735456485333,0.7534807324409485
2017.03.31,1244.4,-29.386059569427744,-11.756663775819717,0.9741184711456299
2017.04.01,1247.24,-28.214484172174707,-11.939798150715344,0.9920523762702942
2017.04.03,1248.43,-23.570945279905573,-10.880017456819216,0.9902822375297546
2017.04.04,1253.12,-20.51127632171847,-9.004653451034654,0.9978707432746887
2017.04.05,1256.19,-20.501313999528065,-7.881252395425542,0.9978386163711548
2017.04.06,1256.2,-24.957324341172352,-7.720650246618884,0.9819084405899048
2017.04.07,1251.67,-22.10735981189646,-7.274584363442305,0.9797415137290955
2017.04.08,1254.58,-22.69129641377367,-7.081051942810215,0.9851443767547607
2017.04.10,1253.99,-22.28702189051546,-7.150560976933886,0.9643512964248657
2017.04.11,1254.42,-6.175258592003956,-4.636517952605302,0.8892786502838135
2017.04.12,1272.58,-0.057363376254215837,-3.2173175846392668,0.7056488394737244
2017.04.13,1281.38,3.645002886420116,-2.424387696380429,0.5818064212799072
2017.04.14,1287.85,6.455465361243114,-1.912480932935243,0.6647913455963135
2017.04.17,1292.14,-0.31038506352342665,-1.6921359894348822,0.8029689788818359
2017.04.18,1283.8,4.150016829138622,-1.4590960214392088,0.7128865718841553
2017.04.19,1290.12,-2.471783176297322,-1.343411303732575,0.5850006341934204
2017.04.20,1278.91,-0.6208890231791884,-1.2256638274575575,0.8905107975006104
2017.04.21,1281.16,2.8537324217613786,-1.0935883481732773,0.9556359648704529
